{
  "model_type": "hf_transformer",
  "model_name": "distilroberta-base",
  "artifact_dir": "transformer_model",
  "baseline_artifact_path": "baseline.joblib",
  "max_length": 128,
  "label_map": {
    "0": "sadness",
    "1": "joy",
    "2": "love",
    "3": "anger",
    "4": "fear",
    "5": "surprise"
  },
  "selected_metric": "macro_f1",
  "trained_at": "2026-04-14T02:41:12.697604+00:00",
  "metrics": {
    "accuracy": 0.9,
    "macro_f1": 0.86,
    "classification_report": {
      "sadness": {
        "precision": 0.9473684210526315,
        "recall": 0.9294320137693631,
        "f1-score": 0.9383145091225021,
        "support": 581.0
      },
      "joy": {
        "precision": 0.9392592592592592,
        "recall": 0.9122302158273381,
        "f1-score": 0.9255474452554745,
        "support": 695.0
      },
      "love": {
        "precision": 0.7616279069767442,
        "recall": 0.8238993710691824,
        "f1-score": 0.7915407854984894,
        "support": 159.0
      },
      "anger": {
        "precision": 0.8661971830985915,
        "recall": 0.8945454545454545,
        "f1-score": 0.8801431127012522,
        "support": 275.0
      },
      "fear": {
        "precision": 0.8646288209606987,
        "recall": 0.8839285714285714,
        "f1-score": 0.8741721854304636,
        "support": 224.0
      },
      "surprise": {
        "precision": 0.7285714285714285,
        "recall": 0.7727272727272727,
        "f1-score": 0.75,
        "support": 66.0
      },
      "accuracy": 0.9,
      "macro avg": {
        "precision": 0.8512755033198922,
        "recall": 0.8694604832278636,
        "f1-score": 0.8599530063346968,
        "support": 2000.0
      },
      "weighted avg": {
        "precision": 0.9021359352795448,
        "recall": 0.9,
        "f1-score": 0.9008125573381283,
        "support": 2000.0
      }
    },
    "confusion_matrix": [
      [
        540,
        8,
        3,
        20,
        10,
        0
      ],
      [
        9,
        634,
        38,
        5,
        3,
        6
      ],
      [
        4,
        23,
        131,
        1,
        0,
        0
      ],
      [
        11,
        5,
        0,
        246,
        12,
        1
      ],
      [
        5,
        1,
        0,
        8,
        198,
        12
      ],
      [
        1,
        4,
        0,
        4,
        6,
        51
      ]
    ],
    "examples": [
      {
        "text": "im feeling rather rotten so im not very ambitious right now",
        "true_label": "sadness",
        "predicted_label": "sadness",
        "confidence": 0.9549,
        "correct": true
      },
      {
        "text": "im updating my blog because i feel shitty",
        "true_label": "sadness",
        "predicted_label": "sadness",
        "confidence": 0.9914,
        "correct": true
      },
      {
        "text": "i explain why i clung to a relationship with a boy who was in many ways immature and uncommitted despite the excitement i should have been feeling for getting accepted into the masters program at the university of virginia",
        "true_label": "joy",
        "predicted_label": "fear",
        "confidence": 0.5344,
        "correct": false
      },
      {
        "text": "i don t feel particularly agitated",
        "true_label": "fear",
        "predicted_label": "anger",
        "confidence": 0.7615,
        "correct": false
      },
      {
        "text": "im not sure the feeling of loss will ever go away but it may dull to a sweet feeling of nostalgia at what i shared in this life with my dad and the luck i had to have a dad for years",
        "true_label": "sadness",
        "predicted_label": "love",
        "confidence": 0.8764,
        "correct": false
      }
    ]
  }
}